"name","german_alphabet_variant","special_characters_removed","gender"
"Gītā Sharma","Gita Sharma","Gt Sharma","female"
"Rāhul Verma","Rahul Verma","Rhul Verma","male"
"Lì Wáng","Li Wang","L Wng","female"
"Wěi Zhāng","Wei Zhang","Wi Zhng","male"
"Zoë Williams García","Zoe Williams Garcia","Zo Williams Garca","female"
"André Johnson Davis","Andre Johnson Davis","Andr Johnson Davis","male"
"Fāṭimah Nasution Siregar","Fatimah Nasution Siregar","Fimah Nasution Siregar","female"
"Muḥammad Harahap","Muhammad Harahap","Muammad Harahap","male"
"Āminah Khan Malik","Aminah Khan Malik","minah Khan Malik","female"
"Aḥmad Shah Qureshi","Ahmad Shah Qureshi","Amad Shah Qureshi","male"
"Yétúndé Adéyẹmí","Yetunde Adeyemi","Ytnd Adym","female"
"Bàbájídé Adébáyọ̀","Babajide Adebayo","Bbjd Adby","male"
"Júlia Silva Santos","Julia Silva Santos","Jlia Silva Santos","female"
"João Oliveira Pereira","Joao Oliveira Pereira","Joo Oliveira Pereira","male"
"Nasrīn Chowdhury Rahman","Nasrin Chowdhury Rahman","Nasrn Chowdhury Rahman","female"
"Ḥasan Ahmed","Hasan Ahmed","asan Ahmed","male"
"Gölnara Karimova","Golnara Karimova","Glnara Karimova","female"
"Röstäm Karimov Yusupov","Rostam Karimov Yusupov","Rstm Karimov Yusupov","male"
"María Hernández López","Maria Hernandez Lopez","Mara Hernndez Lpez","female"
"Jesús García","Jesus Garcia","Jess Garca","male"
"Yūko Satō Tanaka","Yuko Sato Tanaka","Yko Sat Tanaka","female"
"Ryōta Suzuki","Ryota Suzuki","Ryta Suzuki","male"
"Īmān Hassan","Iman Hassan","mn Hassan","female"
"Maḥmūd Mansour","Mahmud Mansour","Mamd Mansour","male"
"Angélica Reyes","Angelica Reyes","Anglica Reyes","female"
"José Cruz Mendoza","Jose Cruz Mendoza","Jos Cruz Mendoza","male"
"Hélène Ilunga Kabeya","Helene Ilunga Kabeya","Hlne Ilunga Kabeya","female"
"François Mbuyi","Francois Mbuyi","Franois Mbuyi","male"
"Hương Nguyễn Trần","Huong Nguyen Tran","Hng Nguyn Trn","female"
"Đức Phạm Lê","Duc Pham Le","c Phm L","male"
"Šīrīn Ahmadi","Sirin Ahmadi","rn Ahmadi","female"
"Ḥossein Hosseini Rahimi","Hossein Hosseini Rahimi","ossein Hosseini Rahimi","male"
"Ayşe Yılmaz Şahin","Ayse Yilmaz Sahin","Aye Ylmaz ahin","female"
"İbrahim Demir","Ibrahim Demir","brahim Demir","male"
"Käthe Müller Schmidt","Kathe Muller Schmidt","Kthe Mller Schmidt","female"
"Jürgen Schneider","Jurgen Schneider","Jrgen Schneider","male"
"Élodie Lefèvre","Elodie Lefevre","lodie Lefvre","female"
"Benoît Dubois Bernard","Benoit Dubois Bernard","Benot Dubois Bernard","male"
"Małgorzata Kowalska","Malgorzata Kowalska","Magorzata Kowalska","female"
"Łukasz Nowak Zieliński","Lukasz Nowak Zielinski","ukasz Nowak Zieliski","male"
"Lucía García","Lucia Garcia","Luca Garca","female"
"Íñigo Muñoz Gómez","Inigo Munoz Gomez","igo Muoz Gmez","male"
"Mónica Rodríguez González","Monica Rodriguez Gonzalez","Mnica Rodrguez Gonzlez","female"
"Andrés Martínez","Andres Martinez","Andrs Martnez","male"
"Māia Rangi","Maia Rangi","Mia Rangi","female"
"Nīkau Morgan Thompson","Nikau Morgan Thompson","Nkau Morgan Thompson","male"
"Åsa Andersson Lindström","Asa Andersson Lindstrom","sa Andersson Lindstrm","female"
"Björn Johansson","Bjorn Johansson","Bjrn Johansson","male"
"Mäsärät Bekele Alemu","Masarat Bekele Alemu","Msrt Bekele Alemu","female"
"Täsfaye Abebe","Tasfaye Abebe","Tsfaye Abebe","male"
